[
{
  "model": "auth.permission",
  "pk": 1,
  "fields": {
    "name": "Can add log entry",
    "content_type": 1,
    "codename": "add_logentry"
  }
},
{
  "model": "auth.permission",
  "pk": 2,
  "fields": {
    "name": "Can change log entry",
    "content_type": 1,
    "codename": "change_logentry"
  }
},
{
  "model": "auth.permission",
  "pk": 3,
  "fields": {
    "name": "Can delete log entry",
    "content_type": 1,
    "codename": "delete_logentry"
  }
},
{
  "model": "auth.permission",
  "pk": 4,
  "fields": {
    "name": "Can view log entry",
    "content_type": 1,
    "codename": "view_logentry"
  }
},
{
  "model": "auth.permission",
  "pk": 5,
  "fields": {
    "name": "Can add permission",
    "content_type": 2,
    "codename": "add_permission"
  }
},
{
  "model": "auth.permission",
  "pk": 6,
  "fields": {
    "name": "Can change permission",
    "content_type": 2,
    "codename": "change_permission"
  }
},
{
  "model": "auth.permission",
  "pk": 7,
  "fields": {
    "name": "Can delete permission",
    "content_type": 2,
    "codename": "delete_permission"
  }
},
{
  "model": "auth.permission",
  "pk": 8,
  "fields": {
    "name": "Can view permission",
    "content_type": 2,
    "codename": "view_permission"
  }
},
{
  "model": "auth.permission",
  "pk": 9,
  "fields": {
    "name": "Can add group",
    "content_type": 3,
    "codename": "add_group"
  }
},
{
  "model": "auth.permission",
  "pk": 10,
  "fields": {
    "name": "Can change group",
    "content_type": 3,
    "codename": "change_group"
  }
},
{
  "model": "auth.permission",
  "pk": 11,
  "fields": {
    "name": "Can delete group",
    "content_type": 3,
    "codename": "delete_group"
  }
},
{
  "model": "auth.permission",
  "pk": 12,
  "fields": {
    "name": "Can view group",
    "content_type": 3,
    "codename": "view_group"
  }
},
{
  "model": "auth.permission",
  "pk": 13,
  "fields": {
    "name": "Can add user",
    "content_type": 4,
    "codename": "add_user"
  }
},
{
  "model": "auth.permission",
  "pk": 14,
  "fields": {
    "name": "Can change user",
    "content_type": 4,
    "codename": "change_user"
  }
},
{
  "model": "auth.permission",
  "pk": 15,
  "fields": {
    "name": "Can delete user",
    "content_type": 4,
    "codename": "delete_user"
  }
},
{
  "model": "auth.permission",
  "pk": 16,
  "fields": {
    "name": "Can view user",
    "content_type": 4,
    "codename": "view_user"
  }
},
{
  "model": "auth.permission",
  "pk": 17,
  "fields": {
    "name": "Can add content type",
    "content_type": 5,
    "codename": "add_contenttype"
  }
},
{
  "model": "auth.permission",
  "pk": 18,
  "fields": {
    "name": "Can change content type",
    "content_type": 5,
    "codename": "change_contenttype"
  }
},
{
  "model": "auth.permission",
  "pk": 19,
  "fields": {
    "name": "Can delete content type",
    "content_type": 5,
    "codename": "delete_contenttype"
  }
},
{
  "model": "auth.permission",
  "pk": 20,
  "fields": {
    "name": "Can view content type",
    "content_type": 5,
    "codename": "view_contenttype"
  }
},
{
  "model": "auth.permission",
  "pk": 21,
  "fields": {
    "name": "Can add session",
    "content_type": 6,
    "codename": "add_session"
  }
},
{
  "model": "auth.permission",
  "pk": 22,
  "fields": {
    "name": "Can change session",
    "content_type": 6,
    "codename": "change_session"
  }
},
{
  "model": "auth.permission",
  "pk": 23,
  "fields": {
    "name": "Can delete session",
    "content_type": 6,
    "codename": "delete_session"
  }
},
{
  "model": "auth.permission",
  "pk": 24,
  "fields": {
    "name": "Can view session",
    "content_type": 6,
    "codename": "view_session"
  }
},
{
  "model": "auth.permission",
  "pk": 25,
  "fields": {
    "name": "Can add auth token",
    "content_type": 7,
    "codename": "add_authtoken"
  }
},
{
  "model": "auth.permission",
  "pk": 26,
  "fields": {
    "name": "Can change auth token",
    "content_type": 7,
    "codename": "change_authtoken"
  }
},
{
  "model": "auth.permission",
  "pk": 27,
  "fields": {
    "name": "Can delete auth token",
    "content_type": 7,
    "codename": "delete_authtoken"
  }
},
{
  "model": "auth.permission",
  "pk": 28,
  "fields": {
    "name": "Can view auth token",
    "content_type": 7,
    "codename": "view_authtoken"
  }
},
{
  "model": "auth.permission",
  "pk": 29,
  "fields": {
    "name": "Can add expense",
    "content_type": 8,
    "codename": "add_expense"
  }
},
{
  "model": "auth.permission",
  "pk": 30,
  "fields": {
    "name": "Can change expense",
    "content_type": 8,
    "codename": "change_expense"
  }
},
{
  "model": "auth.permission",
  "pk": 31,
  "fields": {
    "name": "Can delete expense",
    "content_type": 8,
    "codename": "delete_expense"
  }
},
{
  "model": "auth.permission",
  "pk": 32,
  "fields": {
    "name": "Can view expense",
    "content_type": 8,
    "codename": "view_expense"
  }
},
{
  "model": "auth.permission",
  "pk": 33,
  "fields": {
    "name": "Can add project",
    "content_type": 9,
    "codename": "add_project"
  }
},
{
  "model": "auth.permission",
  "pk": 34,
  "fields": {
    "name": "Can change project",
    "content_type": 9,
    "codename": "change_project"
  }
},
{
  "model": "auth.permission",
  "pk": 35,
  "fields": {
    "name": "Can delete project",
    "content_type": 9,
    "codename": "delete_project"
  }
},
{
  "model": "auth.permission",
  "pk": 36,
  "fields": {
    "name": "Can view project",
    "content_type": 9,
    "codename": "view_project"
  }
},
{
  "model": "auth.permission",
  "pk": 37,
  "fields": {
    "name": "Can add ip_project",
    "content_type": 10,
    "codename": "add_ip_project"
  }
},
{
  "model": "auth.permission",
  "pk": 38,
  "fields": {
    "name": "Can change ip_project",
    "content_type": 10,
    "codename": "change_ip_project"
  }
},
{
  "model": "auth.permission",
  "pk": 39,
  "fields": {
    "name": "Can delete ip_project",
    "content_type": 10,
    "codename": "delete_ip_project"
  }
},
{
  "model": "auth.permission",
  "pk": 40,
  "fields": {
    "name": "Can view ip_project",
    "content_type": 10,
    "codename": "view_ip_project"
  }
},
{
  "model": "auth.permission",
  "pk": 41,
  "fields": {
    "name": "Can add ip_project",
    "content_type": 11,
    "codename": "add_ip_project"
  }
},
{
  "model": "auth.permission",
  "pk": 42,
  "fields": {
    "name": "Can change ip_project",
    "content_type": 11,
    "codename": "change_ip_project"
  }
},
{
  "model": "auth.permission",
  "pk": 43,
  "fields": {
    "name": "Can delete ip_project",
    "content_type": 11,
    "codename": "delete_ip_project"
  }
},
{
  "model": "auth.permission",
  "pk": 44,
  "fields": {
    "name": "Can view ip_project",
    "content_type": 11,
    "codename": "view_ip_project"
  }
},
{
  "model": "auth.permission",
  "pk": 45,
  "fields": {
    "name": "Can add expense",
    "content_type": 12,
    "codename": "add_expense"
  }
},
{
  "model": "auth.permission",
  "pk": 46,
  "fields": {
    "name": "Can change expense",
    "content_type": 12,
    "codename": "change_expense"
  }
},
{
  "model": "auth.permission",
  "pk": 47,
  "fields": {
    "name": "Can delete expense",
    "content_type": 12,
    "codename": "delete_expense"
  }
},
{
  "model": "auth.permission",
  "pk": 48,
  "fields": {
    "name": "Can view expense",
    "content_type": 12,
    "codename": "view_expense"
  }
},
{
  "model": "auth.permission",
  "pk": 49,
  "fields": {
    "name": "Can add project",
    "content_type": 13,
    "codename": "add_project"
  }
},
{
  "model": "auth.permission",
  "pk": 50,
  "fields": {
    "name": "Can change project",
    "content_type": 13,
    "codename": "change_project"
  }
},
{
  "model": "auth.permission",
  "pk": 51,
  "fields": {
    "name": "Can delete project",
    "content_type": 13,
    "codename": "delete_project"
  }
},
{
  "model": "auth.permission",
  "pk": 52,
  "fields": {
    "name": "Can view project",
    "content_type": 13,
    "codename": "view_project"
  }
},
{
  "model": "auth.permission",
  "pk": 53,
  "fields": {
    "name": "Can add profile",
    "content_type": 14,
    "codename": "add_profile"
  }
},
{
  "model": "auth.permission",
  "pk": 54,
  "fields": {
    "name": "Can change profile",
    "content_type": 14,
    "codename": "change_profile"
  }
},
{
  "model": "auth.permission",
  "pk": 55,
  "fields": {
    "name": "Can delete profile",
    "content_type": 14,
    "codename": "delete_profile"
  }
},
{
  "model": "auth.permission",
  "pk": 56,
  "fields": {
    "name": "Can view profile",
    "content_type": 14,
    "codename": "view_profile"
  }
},
{
  "model": "auth.permission",
  "pk": 57,
  "fields": {
    "name": "Can add project ip",
    "content_type": 15,
    "codename": "add_projectip"
  }
},
{
  "model": "auth.permission",
  "pk": 58,
  "fields": {
    "name": "Can change project ip",
    "content_type": 15,
    "codename": "change_projectip"
  }
},
{
  "model": "auth.permission",
  "pk": 59,
  "fields": {
    "name": "Can delete project ip",
    "content_type": 15,
    "codename": "delete_projectip"
  }
},
{
  "model": "auth.permission",
  "pk": 60,
  "fields": {
    "name": "Can view project ip",
    "content_type": 15,
    "codename": "view_projectip"
  }
},
{
  "model": "auth.permission",
  "pk": 61,
  "fields": {
    "name": "Can add project member",
    "content_type": 16,
    "codename": "add_projectmember"
  }
},
{
  "model": "auth.permission",
  "pk": 62,
  "fields": {
    "name": "Can change project member",
    "content_type": 16,
    "codename": "change_projectmember"
  }
},
{
  "model": "auth.permission",
  "pk": 63,
  "fields": {
    "name": "Can delete project member",
    "content_type": 16,
    "codename": "delete_projectmember"
  }
},
{
  "model": "auth.permission",
  "pk": 64,
  "fields": {
    "name": "Can view project member",
    "content_type": 16,
    "codename": "view_projectmember"
  }
},
{
  "model": "auth.permission",
  "pk": 65,
  "fields": {
    "name": "Can add expense",
    "content_type": 17,
    "codename": "add_expense"
  }
},
{
  "model": "auth.permission",
  "pk": 66,
  "fields": {
    "name": "Can change expense",
    "content_type": 17,
    "codename": "change_expense"
  }
},
{
  "model": "auth.permission",
  "pk": 67,
  "fields": {
    "name": "Can delete expense",
    "content_type": 17,
    "codename": "delete_expense"
  }
},
{
  "model": "auth.permission",
  "pk": 68,
  "fields": {
    "name": "Can view expense",
    "content_type": 17,
    "codename": "view_expense"
  }
},
{
  "model": "auth.permission",
  "pk": 69,
  "fields": {
    "name": "Can add project member",
    "content_type": 18,
    "codename": "add_projectmember"
  }
},
{
  "model": "auth.permission",
  "pk": 70,
  "fields": {
    "name": "Can change project member",
    "content_type": 18,
    "codename": "change_projectmember"
  }
},
{
  "model": "auth.permission",
  "pk": 71,
  "fields": {
    "name": "Can delete project member",
    "content_type": 18,
    "codename": "delete_projectmember"
  }
},
{
  "model": "auth.permission",
  "pk": 72,
  "fields": {
    "name": "Can view project member",
    "content_type": 18,
    "codename": "view_projectmember"
  }
},
{
  "model": "auth.permission",
  "pk": 73,
  "fields": {
    "name": "Can add project",
    "content_type": 19,
    "codename": "add_project"
  }
},
{
  "model": "auth.permission",
  "pk": 74,
  "fields": {
    "name": "Can change project",
    "content_type": 19,
    "codename": "change_project"
  }
},
{
  "model": "auth.permission",
  "pk": 75,
  "fields": {
    "name": "Can delete project",
    "content_type": 19,
    "codename": "delete_project"
  }
},
{
  "model": "auth.permission",
  "pk": 76,
  "fields": {
    "name": "Can view project",
    "content_type": 19,
    "codename": "view_project"
  }
},
{
  "model": "auth.permission",
  "pk": 77,
  "fields": {
    "name": "Can add income",
    "content_type": 20,
    "codename": "add_income"
  }
},
{
  "model": "auth.permission",
  "pk": 78,
  "fields": {
    "name": "Can change income",
    "content_type": 20,
    "codename": "change_income"
  }
},
{
  "model": "auth.permission",
  "pk": 79,
  "fields": {
    "name": "Can delete income",
    "content_type": 20,
    "codename": "delete_income"
  }
},
{
  "model": "auth.permission",
  "pk": 80,
  "fields": {
    "name": "Can view income",
    "content_type": 20,
    "codename": "view_income"
  }
},
{
  "model": "auth.user",
  "pk": 1,
  "fields": {
    "password": "pbkdf2_sha256$320000$y4z0ScV61JZA5s70yB11Gx$BgfzjS9hKaC9yXsEXSAm7Fx3Oz6NS7OT3FEN0fF6fWM=",
    "last_login": "2022-08-18T07:06:14.037Z",
    "is_superuser": true,
    "username": "admin",
    "first_name": "jezusd",
    "last_name": "marquez",
    "email": "aaadmin@gmail.com",
    "is_staff": true,
    "is_active": true,
    "date_joined": "2022-03-24T16:48:39.636Z",
    "groups": [],
    "user_permissions": []
  }
},
{
  "model": "auth.user",
  "pk": 21,
  "fields": {
    "password": "pbkdf2_sha256$320000$gozQbZ2nerypicJPDMatvT$YSjKAcjyfstFIlqV439/clJnSHHJeAi3CBO/p0h/+co=",
    "last_login": null,
    "is_superuser": false,
    "username": "pepito",
    "first_name": "Pepe",
    "last_name": "Garcia",
    "email": "pepito@email.com",
    "is_staff": false,
    "is_active": true,
    "date_joined": "2022-03-30T16:54:50.776Z",
    "groups": [],
    "user_permissions": []
  }
},
{
  "model": "auth.user",
  "pk": 38,
  "fields": {
    "password": "pbkdf2_sha256$320000$ZsL5A8sy7WW6UrcCDyHE6j$codAnJx46Rg7QvRkgiUcvRLatENG+obF5DVYTr8wvCI=",
    "last_login": null,
    "is_superuser": false,
    "username": "bbb",
    "first_name": "aaa",
    "last_name": "aaa",
    "email": "bbb@email.com",
    "is_staff": false,
    "is_active": true,
    "date_joined": "2022-04-24T20:53:24.125Z",
    "groups": [],
    "user_permissions": []
  }
},
{
  "model": "auth.user",
  "pk": 39,
  "fields": {
    "password": "pbkdf2_sha256$320000$oCagQSvGEJZS65pzwAz2Wt$f2x5+YvkvplsRi3h45cJtWTWc0sTYwbYM3/6k6Uv7ME=",
    "last_login": null,
    "is_superuser": false,
    "username": "ccc",
    "first_name": "aaa",
    "last_name": "aaa",
    "email": "ccc@email.com",
    "is_staff": false,
    "is_active": true,
    "date_joined": "2022-04-24T20:53:28.539Z",
    "groups": [],
    "user_permissions": []
  }
},
{
  "model": "auth.user",
  "pk": 40,
  "fields": {
    "password": "pbkdf2_sha256$320000$0u7sxYXZ7PPOpVutZL1khz$TrM9B/JuK2dLQ3sHKU/MUILwcj7slTuEmpdfCExhCAg=",
    "last_login": null,
    "is_superuser": false,
    "username": "ddd",
    "first_name": "aaa",
    "last_name": "aaa",
    "email": "ddd@email.com",
    "is_staff": false,
    "is_active": true,
    "date_joined": "2022-04-24T20:53:34.895Z",
    "groups": [],
    "user_permissions": []
  }
},
{
  "model": "auth.user",
  "pk": 41,
  "fields": {
    "password": "pbkdf2_sha256$320000$u3VGLw8nhJzn4okYGzTy25$VRPtHSBCQopHrLCJwgPRDiIn4EFhqP4eRMAHs4P2Sms=",
    "last_login": null,
    "is_superuser": false,
    "username": "fff",
    "first_name": "fernando",
    "last_name": "fff",
    "email": "fff@gmail.com",
    "is_staff": false,
    "is_active": true,
    "date_joined": "2022-05-21T13:58:31.181Z",
    "groups": [],
    "user_permissions": []
  }
},
{
  "model": "auth.user",
  "pk": 43,
  "fields": {
    "password": "pbkdf2_sha256$320000$S6kx2QKMGXZWDA4b5PgEFX$LdL0eSChnKIU5GAr4J32sCmbksiyTTv8ZhGUCdGdcm4=",
    "last_login": null,
    "is_superuser": false,
    "username": "test",
    "first_name": "jezu",
    "last_name": "marquez",
    "email": "newemail@gmail.com",
    "is_staff": false,
    "is_active": true,
    "date_joined": "2022-05-30T16:12:27.149Z",
    "groups": [],
    "user_permissions": []
  }
},
{
  "model": "auth.user",
  "pk": 44,
  "fields": {
    "password": "pbkdf2_sha256$320000$Wa6ZO0vurtCYW3jmEFsKdt$/jh0a+JafeEf4iBQaa1kwA4Siqli0w5ySYg0Nh3GKC0=",
    "last_login": null,
    "is_superuser": false,
    "username": "Claudia",
    "first_name": "Claudia",
    "last_name": "Claudia4",
    "email": "Claudia@gmail.com",
    "is_staff": false,
    "is_active": true,
    "date_joined": "2022-05-30T16:13:26.644Z",
    "groups": [],
    "user_permissions": []
  }
},
{
  "model": "auth.user",
  "pk": 45,
  "fields": {
    "password": "pbkdf2_sha256$320000$u9FkxBE1nZbL92CalgPbzi$2BscLGNlaT1L/pIQLBqp7kEHM+d3A4kH+44qnsU2mao=",
    "last_login": null,
    "is_superuser": false,
    "username": "Heredia",
    "first_name": "Heredia",
    "last_name": "Heredia",
    "email": "Heredia@gmail.com",
    "is_staff": false,
    "is_active": true,
    "date_joined": "2022-05-30T16:13:47.606Z",
    "groups": [],
    "user_permissions": []
  }
},
{
  "model": "auth.user",
  "pk": 54,
  "fields": {
    "password": "pbkdf2_sha256$320000$8haYcx9Z4ku7bPe0XxL8Xf$ueDA4djMpqy+DJV2r/B1u23Bce90gO/ewHKbYmD4ifo=",
    "last_login": null,
    "is_superuser": false,
    "username": "pepitoTest",
    "first_name": "pepitoTest",
    "last_name": "pepitoTest",
    "email": "pepitoTest@gmail.com",
    "is_staff": false,
    "is_active": true,
    "date_joined": "2022-06-06T22:40:42.864Z",
    "groups": [],
    "user_permissions": []
  }
},
{
  "model": "auth.user",
  "pk": 58,
  "fields": {
    "password": "pbkdf2_sha256$320000$n7mkV1V9yaA4xD3629WMsb$CKcI5mEnj6zhCeVWOi24OEMxXpm7V5aVckHWPpKOmgA=",
    "last_login": null,
    "is_superuser": false,
    "username": "eee",
    "first_name": "eee",
    "last_name": "eee",
    "email": "eee@gmail.com",
    "is_staff": false,
    "is_active": true,
    "date_joined": "2022-07-19T17:27:26.318Z",
    "groups": [],
    "user_permissions": []
  }
},
{
  "model": "auth.user",
  "pk": 59,
  "fields": {
    "password": "pbkdf2_sha256$320000$B5L017nsMY77w5oV3BrFa6$me57Etmm5qEYzdwT+YogIU7jNtP5N7flbm//YE1n+Kc=",
    "last_login": "2022-08-02T15:29:32.584Z",
    "is_superuser": true,
    "username": "jesus",
    "first_name": "jezus",
    "last_name": "jezu",
    "email": "jesus@gmail.com",
    "is_staff": true,
    "is_active": true,
    "date_joined": "2022-08-02T14:54:15.563Z",
    "groups": [],
    "user_permissions": []
  }
},
{
  "model": "auth.user",
  "pk": 60,
  "fields": {
    "password": "pbkdf2_sha256$320000$ClqymEhp4qF6BgsH8rhkFZ$EjVGY/DwB8gAWeUcF4AFqRw96AFIKmOIrIYdHOX4gHs=",
    "last_login": "2022-08-02T14:57:47.401Z",
    "is_superuser": true,
    "username": "jezu",
    "first_name": "aaa",
    "last_name": "aaa",
    "email": "jezu@gmail.com",
    "is_staff": true,
    "is_active": true,
    "date_joined": "2022-08-02T14:57:42.478Z",
    "groups": [],
    "user_permissions": []
  }
},
{
  "model": "auth.user",
  "pk": 62,
  "fields": {
    "password": "pbkdf2_sha256$320000$XZ6pdoyVRSdeJqhV2MKDIY$GrWt3eIwcx7Ah6sHF7JeIdbGl9eagaUqENyeIujtS88=",
    "last_login": null,
    "is_superuser": false,
    "username": "aaa",
    "first_name": "aaa",
    "last_name": "aaa",
    "email": "aaa@gmail.com",
    "is_staff": false,
    "is_active": true,
    "date_joined": "2022-08-09T17:51:26.081Z",
    "groups": [],
    "user_permissions": []
  }
},
{
  "model": "auth.user",
  "pk": 63,
  "fields": {
    "password": "pbkdf2_sha256$320000$UJ8vSehIeRog9MCriXR1nR$z542IXG7PFj0yrUbuGh8+hJJP4aMH2ca8sIkrhlEES4=",
    "last_login": null,
    "is_superuser": false,
    "username": "tuputamadre",
    "first_name": "aaa",
    "last_name": "aaa",
    "email": "aava@gmail.com",
    "is_staff": false,
    "is_active": true,
    "date_joined": "2022-08-09T18:01:50.788Z",
    "groups": [],
    "user_permissions": []
  }
},
{
  "model": "auth.user",
  "pk": 64,
  "fields": {
    "password": "pbkdf2_sha256$320000$FZuLFti8GLHgp9RQEgHwzI$lbyjQXNKoNGEgc1Hh3prl7TAFHG341fYsZ/y1cVV9JY=",
    "last_login": null,
    "is_superuser": false,
    "username": "mecagoenmismuertospisaos",
    "first_name": "mi puta madre",
    "last_name": "monta a caballo",
    "email": "mismuertosacaballo@gmail.com",
    "is_staff": false,
    "is_active": true,
    "date_joined": "2022-08-09T18:05:07.309Z",
    "groups": [],
    "user_permissions": []
  }
},
{
  "model": "auth.user",
  "pk": 65,
  "fields": {
    "password": "pbkdf2_sha256$320000$QAJinwyQqMmpHctBe59KNh$EwcB750U78IB8lgYnzbpulSqIBCY7QLHQZMXGeZigjk=",
    "last_login": null,
    "is_superuser": false,
    "username": "putito",
    "first_name": "putito",
    "last_name": "putito putito",
    "email": "putito@gmail.com",
    "is_staff": false,
    "is_active": true,
    "date_joined": "2022-08-09T18:05:58.892Z",
    "groups": [],
    "user_permissions": []
  }
},
{
  "model": "auth.user",
  "pk": 67,
  "fields": {
    "password": "pbkdf2_sha256$320000$Gnzpf57WNl1U4GromR2nXR$/ZlFtVSsUDwlJsTjMi/16gJhd6hvPTY+SMk/FQBVJoc=",
    "last_login": null,
    "is_superuser": false,
    "username": "TutorialUser",
    "first_name": "TutorialName",
    "last_name": "TutorialLastName",
    "email": "TutorialUser@gmail.com",
    "is_staff": false,
    "is_active": true,
    "date_joined": "2022-08-09T21:20:39.528Z",
    "groups": [],
    "user_permissions": []
  }
},
{
  "model": "auth.user",
  "pk": 68,
  "fields": {
    "password": "pbkdf2_sha256$320000$lQxRltaYVAOuvuU8IzdqCx$GnXUXCt9uomonwpObF6Kgoem1T4Xi1x/IqzOVmUS69g=",
    "last_login": null,
    "is_superuser": false,
    "username": "Heredia1",
    "first_name": "heredia",
    "last_name": "heredia",
    "email": "Heredia1@gmail.com",
    "is_staff": false,
    "is_active": true,
    "date_joined": "2022-08-11T00:53:24.356Z",
    "groups": [],
    "user_permissions": []
  }
},
{
  "model": "auth.user",
  "pk": 69,
  "fields": {
    "password": "pbkdf2_sha256$320000$xo61lJiwWu3LcYzB8TBwZ2$JXWWPsoa+ah2bjl5EzqRbm/ZhptNRNB2IIej5uyQZ7s=",
    "last_login": null,
    "is_superuser": false,
    "username": "TestAdministrador",
    "first_name": "TestAdministrador",
    "last_name": "TestAdministrador",
    "email": "TestAdministrador@gmail.com",
    "is_staff": false,
    "is_active": true,
    "date_joined": "2022-08-19T16:05:12.760Z",
    "groups": [],
    "user_permissions": []
  }
},
{
  "model": "auth.user",
  "pk": 70,
  "fields": {
    "password": "pbkdf2_sha256$320000$3Q79oV0kIzSgFVPUkLyfuE$Fc3I0Q2vWlSOqp/yAYLX4rffrJtvIdeeDfCfhNMpwKk=",
    "last_login": null,
    "is_superuser": false,
    "username": "TestGestor",
    "first_name": "TestGestor",
    "last_name": "TestGestor",
    "email": "TestGestor@gmail.com",
    "is_staff": false,
    "is_active": true,
    "date_joined": "2022-08-19T16:06:24.037Z",
    "groups": [],
    "user_permissions": []
  }
},
{
  "model": "auth.user",
  "pk": 71,
  "fields": {
    "password": "pbkdf2_sha256$320000$4kcQFnE33aCHsxVpPa8IKk$PZibrdiXqPK/qBcS7CL8VHwZNOCJRdw38aaRpZ/FJhA=",
    "last_login": null,
    "is_superuser": false,
    "username": "TestMiembro",
    "first_name": "TestMiembro",
    "last_name": "TestMiembro",
    "email": "TestMiembro@gmail.com",
    "is_staff": false,
    "is_active": true,
    "date_joined": "2022-08-19T16:07:08.557Z",
    "groups": [],
    "user_permissions": []
  }
},
{
  "model": "projects.project",
  "pk": 8,
  "fields": {
    "name": "PC master race",
    "category": "pc building",
    "admin": 1,
    "img": "project/Captura_de_pantalla_2022-08-01_190843.jpg"
  }
},
{
  "model": "projects.project",
  "pk": 16,
  "fields": {
    "name": "Projecto test 2",
    "category": "test 2",
    "admin": 60,
    "img": "project/Captura_de_pantalla_2022-08-01_190843_VIJGkFi.jpg"
  }
},
{
  "model": "projects.project",
  "pk": 23,
  "fields": {
    "name": "ProjectTest",
    "category": "TestCategory",
    "admin": 67,
    "img": "project/projectdefault.jpg"
  }
},
{
  "model": "projects.project",
  "pk": 25,
  "fields": {
    "name": "TestProject",
    "category": "TestCategory",
    "admin": 69,
    "img": "project/Captura_de_pantalla_2022-08-01_190843_RXgC04p.jpg"
  }
},
{
  "model": "projects.projectmember",
  "pk": 8,
  "fields": {
    "project": 8,
    "user": 38,
    "is_manager": false
  }
},
{
  "model": "projects.projectmember",
  "pk": 11,
  "fields": {
    "project": 8,
    "user": 39,
    "is_manager": true
  }
},
{
  "model": "projects.projectmember",
  "pk": 18,
  "fields": {
    "project": 8,
    "user": 44,
    "is_manager": true
  }
},
{
  "model": "projects.projectmember",
  "pk": 19,
  "fields": {
    "project": 16,
    "user": 1,
    "is_manager": false
  }
},
{
  "model": "projects.projectmember",
  "pk": 20,
  "fields": {
    "project": 16,
    "user": 45,
    "is_manager": false
  }
},
{
  "model": "projects.projectmember",
  "pk": 29,
  "fields": {
    "project": 23,
    "user": 62,
    "is_manager": true
  }
},
{
  "model": "projects.projectmember",
  "pk": 30,
  "fields": {
    "project": 23,
    "user": 38,
    "is_manager": false
  }
},
{
  "model": "projects.projectmember",
  "pk": 31,
  "fields": {
    "project": 23,
    "user": 39,
    "is_manager": false
  }
},
{
  "model": "projects.projectmember",
  "pk": 32,
  "fields": {
    "project": 23,
    "user": 40,
    "is_manager": true
  }
},
{
  "model": "projects.projectmember",
  "pk": 33,
  "fields": {
    "project": 23,
    "user": 58,
    "is_manager": true
  }
},
{
  "model": "projects.projectmember",
  "pk": 34,
  "fields": {
    "project": 23,
    "user": 41,
    "is_manager": false
  }
},
{
  "model": "projects.projectmember",
  "pk": 42,
  "fields": {
    "project": 16,
    "user": 21,
    "is_manager": false
  }
},
{
  "model": "projects.projectmember",
  "pk": 43,
  "fields": {
    "project": 25,
    "user": 71,
    "is_manager": false
  }
},
{
  "model": "projects.projectmember",
  "pk": 44,
  "fields": {
    "project": 25,
    "user": 70,
    "is_manager": true
  }
},
{
  "model": "users.profile",
  "pk": 3,
  "fields": {
    "user": 1,
    "img": "user/Captura_de_pantalla_2022-08-01_190759.png"
  }
},
{
  "model": "users.profile",
  "pk": 11,
  "fields": {
    "user": 21,
    "img": "userdefault.jpg"
  }
},
{
  "model": "users.profile",
  "pk": 28,
  "fields": {
    "user": 38,
    "img": "userdefault.jpg"
  }
},
{
  "model": "users.profile",
  "pk": 29,
  "fields": {
    "user": 39,
    "img": "userdefault.jpg"
  }
},
{
  "model": "users.profile",
  "pk": 30,
  "fields": {
    "user": 40,
    "img": "userdefault.jpg"
  }
},
{
  "model": "users.profile",
  "pk": 31,
  "fields": {
    "user": 41,
    "img": "userdefault.jpg"
  }
},
{
  "model": "users.profile",
  "pk": 33,
  "fields": {
    "user": 43,
    "img": "userdefault.jpg"
  }
},
{
  "model": "users.profile",
  "pk": 34,
  "fields": {
    "user": 44,
    "img": "userdefault.jpg"
  }
},
{
  "model": "users.profile",
  "pk": 35,
  "fields": {
    "user": 45,
    "img": "userdefault.jpg"
  }
},
{
  "model": "users.profile",
  "pk": 44,
  "fields": {
    "user": 54,
    "img": "user/benny-rotlevy-pv8ZwEBgW_g-unsplash.jpg"
  }
},
{
  "model": "users.profile",
  "pk": 48,
  "fields": {
    "user": 58,
    "img": "userdefault.jpg"
  }
},
{
  "model": "users.profile",
  "pk": 49,
  "fields": {
    "user": 59,
    "img": "user/Captura_de_pantalla_2022-08-01_190843.jpg"
  }
},
{
  "model": "users.profile",
  "pk": 50,
  "fields": {
    "user": 60,
    "img": "user/Captura_de_pantalla_2022-07-27_183758.png"
  }
},
{
  "model": "users.profile",
  "pk": 52,
  "fields": {
    "user": 62,
    "img": "userdefault.jpg"
  }
},
{
  "model": "users.profile",
  "pk": 53,
  "fields": {
    "user": 63,
    "img": "userdefault.jpg"
  }
},
{
  "model": "users.profile",
  "pk": 54,
  "fields": {
    "user": 64,
    "img": "userdefault.jpg"
  }
},
{
  "model": "users.profile",
  "pk": 55,
  "fields": {
    "user": 65,
    "img": "userdefault.jpg"
  }
},
{
  "model": "users.profile",
  "pk": 57,
  "fields": {
    "user": 67,
    "img": "user/userdefault.jpg"
  }
},
{
  "model": "users.profile",
  "pk": 58,
  "fields": {
    "user": 68,
    "img": "userdefault.jpg"
  }
},
{
  "model": "users.profile",
  "pk": 59,
  "fields": {
    "user": 69,
    "img": "userdefault.jpg"
  }
},
{
  "model": "users.profile",
  "pk": 60,
  "fields": {
    "user": 70,
    "img": "userdefault.jpg"
  }
},
{
  "model": "users.profile",
  "pk": 61,
  "fields": {
    "user": 71,
    "img": "userdefault.jpg"
  }
},
{
  "model": "expenses.expense",
  "pk": 23,
  "fields": {
    "project": 8,
    "user": 38,
    "dossier": "",
    "date": "2022-06-13",
    "concept": "GNMA",
    "amount": 22.0,
    "vatpercentage": 10.0,
    "final_amount": 24.2
  }
},
{
  "model": "expenses.expense",
  "pk": 24,
  "fields": {
    "project": 8,
    "user": 38,
    "dossier": "",
    "date": "2022-06-13",
    "concept": "GNMA",
    "amount": 22.0,
    "vatpercentage": 10.0,
    "final_amount": 24.2
  }
},
{
  "model": "expenses.expense",
  "pk": 25,
  "fields": {
    "project": 8,
    "user": 38,
    "dossier": "",
    "date": "2022-06-13",
    "concept": "GNMA",
    "amount": 22.0,
    "vatpercentage": 10.0,
    "final_amount": 24.2
  }
},
{
  "model": "expenses.expense",
  "pk": 26,
  "fields": {
    "project": 8,
    "user": 38,
    "dossier": "",
    "date": "2022-06-13",
    "concept": "GNMA",
    "amount": 22.0,
    "vatpercentage": 10.0,
    "final_amount": 24.2
  }
},
{
  "model": "expenses.expense",
  "pk": 27,
  "fields": {
    "project": 8,
    "user": 38,
    "dossier": "",
    "date": "2022-06-13",
    "concept": "GNMA",
    "amount": 22.0,
    "vatpercentage": 10.0,
    "final_amount": 24.2
  }
},
{
  "model": "expenses.expense",
  "pk": 28,
  "fields": {
    "project": 8,
    "user": 38,
    "dossier": "",
    "date": "2022-06-13",
    "concept": "GNMA",
    "amount": 22.0,
    "vatpercentage": 10.0,
    "final_amount": 24.2
  }
},
{
  "model": "expenses.expense",
  "pk": 29,
  "fields": {
    "project": 8,
    "user": 38,
    "dossier": "",
    "date": "2022-06-13",
    "concept": "GNMA",
    "amount": 22.0,
    "vatpercentage": 10.0,
    "final_amount": 24.2
  }
},
{
  "model": "expenses.expense",
  "pk": 30,
  "fields": {
    "project": 8,
    "user": 38,
    "dossier": "",
    "date": "2022-06-13",
    "concept": "GNMA",
    "amount": 22.0,
    "vatpercentage": 10.0,
    "final_amount": 24.2
  }
},
{
  "model": "expenses.expense",
  "pk": 31,
  "fields": {
    "project": 8,
    "user": 38,
    "dossier": "",
    "date": "2022-06-13",
    "concept": "GNMA",
    "amount": 22.0,
    "vatpercentage": 10.0,
    "final_amount": 24.2
  }
},
{
  "model": "expenses.expense",
  "pk": 32,
  "fields": {
    "project": 8,
    "user": 38,
    "dossier": "",
    "date": "2022-06-13",
    "concept": "GNMA",
    "amount": 22.0,
    "vatpercentage": 10.0,
    "final_amount": 24.2
  }
},
{
  "model": "expenses.expense",
  "pk": 33,
  "fields": {
    "project": 8,
    "user": 38,
    "dossier": "",
    "date": "2022-06-13",
    "concept": "GNMA",
    "amount": 22.0,
    "vatpercentage": 10.0,
    "final_amount": 24.2
  }
},
{
  "model": "expenses.expense",
  "pk": 34,
  "fields": {
    "project": 8,
    "user": 38,
    "dossier": "",
    "date": "2022-06-13",
    "concept": "GNMA",
    "amount": 22.0,
    "vatpercentage": 10.0,
    "final_amount": 24.2
  }
},
{
  "model": "expenses.expense",
  "pk": 35,
  "fields": {
    "project": 8,
    "user": 38,
    "dossier": "",
    "date": "2022-06-13",
    "concept": "GNMA",
    "amount": 22.0,
    "vatpercentage": 10.0,
    "final_amount": 24.2
  }
},
{
  "model": "expenses.expense",
  "pk": 36,
  "fields": {
    "project": 8,
    "user": 38,
    "dossier": "",
    "date": "2022-06-13",
    "concept": "GNMA",
    "amount": 22.0,
    "vatpercentage": 10.0,
    "final_amount": 24.2
  }
},
{
  "model": "expenses.expense",
  "pk": 37,
  "fields": {
    "project": 8,
    "user": 38,
    "dossier": "",
    "date": "2022-07-04",
    "concept": "hgjhj",
    "amount": 22.0,
    "vatpercentage": 22.0,
    "final_amount": 26.84
  }
},
{
  "model": "expenses.expense",
  "pk": 39,
  "fields": {
    "project": 8,
    "user": 1,
    "dossier": "",
    "date": "2021-12-31",
    "concept": "cvbcvb",
    "amount": 33.0,
    "vatpercentage": 33.0,
    "final_amount": 43.89
  }
},
{
  "model": "expenses.expense",
  "pk": 40,
  "fields": {
    "project": 8,
    "user": 38,
    "dossier": "",
    "date": "2022-07-05",
    "concept": "dfg",
    "amount": 33.0,
    "vatpercentage": 33.0,
    "final_amount": 43.89
  }
},
{
  "model": "expenses.expense",
  "pk": 41,
  "fields": {
    "project": 8,
    "user": 39,
    "dossier": "",
    "date": "2022-07-04",
    "concept": "gghfg",
    "amount": 44.0,
    "vatpercentage": 44.0,
    "final_amount": 63.36
  }
},
{
  "model": "expenses.expense",
  "pk": 42,
  "fields": {
    "project": 8,
    "user": 1,
    "dossier": "",
    "date": "2022-05-20",
    "concept": "expense concept",
    "amount": 100.5,
    "vatpercentage": 21.0,
    "final_amount": 121.61
  }
},
{
  "model": "expenses.expense",
  "pk": 43,
  "fields": {
    "project": 8,
    "user": 1,
    "dossier": "",
    "date": "2022-05-20",
    "concept": "expense concept",
    "amount": 100.5,
    "vatpercentage": 21.0,
    "final_amount": 121.61
  }
},
{
  "model": "expenses.expense",
  "pk": 46,
  "fields": {
    "project": 16,
    "user": 60,
    "dossier": "",
    "date": "2022-08-01",
    "concept": "asaf",
    "amount": 44.0,
    "vatpercentage": 11.0,
    "final_amount": 48.84
  }
},
{
  "model": "expenses.expense",
  "pk": 49,
  "fields": {
    "project": 16,
    "user": 45,
    "dossier": "",
    "date": "2017-06-20",
    "concept": "asd",
    "amount": 22.0,
    "vatpercentage": 31.0,
    "final_amount": 28.82
  }
},
{
  "model": "expenses.expense",
  "pk": 52,
  "fields": {
    "project": 8,
    "user": 38,
    "dossier": "documents/StatementOfResult_Bm5LwAZ.pdf",
    "date": "2022-08-03",
    "concept": "asd",
    "amount": 22.0,
    "vatpercentage": 33.0,
    "final_amount": 29.26
  }
},
{
  "model": "expenses.expense",
  "pk": 53,
  "fields": {
    "project": 16,
    "user": 1,
    "dossier": "",
    "date": "2022-08-04",
    "concept": "asd",
    "amount": 22.0,
    "vatpercentage": 31.0,
    "final_amount": 28.82
  }
},
{
  "model": "expenses.expense",
  "pk": 54,
  "fields": {
    "project": 8,
    "user": 44,
    "dossier": "",
    "date": "2022-08-01",
    "concept": "asd",
    "amount": 22.0,
    "vatpercentage": 33.0,
    "final_amount": 29.26
  }
},
{
  "model": "expenses.expense",
  "pk": 57,
  "fields": {
    "project": 8,
    "user": 45,
    "dossier": "documents/PDF_2hjiiet.pdf",
    "date": "2022-08-08",
    "concept": "sdf",
    "amount": 33.0,
    "vatpercentage": 45.0,
    "final_amount": 47.85
  }
},
{
  "model": "expenses.expense",
  "pk": 58,
  "fields": {
    "project": 8,
    "user": 39,
    "dossier": "documents/StatementOfResult_SL6eSwg.pdf",
    "date": "2022-08-08",
    "concept": "asfas",
    "amount": 22.0,
    "vatpercentage": 31.0,
    "final_amount": 28.82
  }
},
{
  "model": "expenses.expense",
  "pk": 59,
  "fields": {
    "project": 8,
    "user": 1,
    "dossier": "",
    "date": "2022-08-08",
    "concept": "fcvgng",
    "amount": 33.0,
    "vatpercentage": 33.0,
    "final_amount": 43.89
  }
},
{
  "model": "expenses.expense",
  "pk": 66,
  "fields": {
    "project": 23,
    "user": 38,
    "dossier": "",
    "date": "2022-08-09",
    "concept": "ghj",
    "amount": 55.0,
    "vatpercentage": 32.0,
    "final_amount": 72.6
  }
},
{
  "model": "expenses.expense",
  "pk": 67,
  "fields": {
    "project": 23,
    "user": 62,
    "dossier": "",
    "date": "2022-08-04",
    "concept": "ccc",
    "amount": 44.0,
    "vatpercentage": 21.0,
    "final_amount": 53.24
  }
},
{
  "model": "expenses.expense",
  "pk": 68,
  "fields": {
    "project": 23,
    "user": 39,
    "dossier": "",
    "date": "2022-08-01",
    "concept": "fgdfgdg",
    "amount": 50.0,
    "vatpercentage": 21.0,
    "final_amount": 60.5
  }
},
{
  "model": "expenses.expense",
  "pk": 69,
  "fields": {
    "project": 23,
    "user": 41,
    "dossier": "",
    "date": "2021-12-01",
    "concept": "hjghjghj",
    "amount": 33.0,
    "vatpercentage": 21.0,
    "final_amount": 39.93
  }
},
{
  "model": "expenses.expense",
  "pk": 70,
  "fields": {
    "project": 23,
    "user": 67,
    "dossier": "documents/PDF_LgYqybd.pdf",
    "date": "2022-07-04",
    "concept": "asd",
    "amount": 100.0,
    "vatpercentage": 21.0,
    "final_amount": 121.0
  }
},
{
  "model": "expenses.expense",
  "pk": 71,
  "fields": {
    "project": 23,
    "user": 40,
    "dossier": "",
    "date": "2022-03-01",
    "concept": "aa",
    "amount": 200.0,
    "vatpercentage": 22.0,
    "final_amount": 244.0
  }
},
{
  "model": "expenses.expense",
  "pk": 72,
  "fields": {
    "project": 23,
    "user": 58,
    "dossier": "",
    "date": "2021-12-23",
    "concept": "gg",
    "amount": 200.0,
    "vatpercentage": 21.0,
    "final_amount": 242.0
  }
},
{
  "model": "expenses.expense",
  "pk": 73,
  "fields": {
    "project": 23,
    "user": 67,
    "dossier": "",
    "date": "2022-04-13",
    "concept": "jj",
    "amount": 50.0,
    "vatpercentage": 21.0,
    "final_amount": 60.5
  }
},
{
  "model": "expenses.expense",
  "pk": 74,
  "fields": {
    "project": 23,
    "user": 62,
    "dossier": "",
    "date": "2022-05-04",
    "concept": "nnn",
    "amount": 55.0,
    "vatpercentage": 21.0,
    "final_amount": 66.55
  }
},
{
  "model": "expenses.expense",
  "pk": 75,
  "fields": {
    "project": 23,
    "user": 41,
    "dossier": "",
    "date": "2022-06-30",
    "concept": "nnn",
    "amount": 30.0,
    "vatpercentage": 21.0,
    "final_amount": 36.3
  }
},
{
  "model": "expenses.expense",
  "pk": 76,
  "fields": {
    "project": 23,
    "user": 40,
    "dossier": "",
    "date": "2022-08-03",
    "concept": "gg",
    "amount": 100.0,
    "vatpercentage": 21.0,
    "final_amount": 121.0
  }
},
{
  "model": "expenses.expense",
  "pk": 77,
  "fields": {
    "project": 8,
    "user": 38,
    "dossier": "",
    "date": "2022-08-09",
    "concept": "Mcdonal",
    "amount": 31.0,
    "vatpercentage": 20.0,
    "final_amount": 37.2
  }
},
{
  "model": "expenses.expense",
  "pk": 79,
  "fields": {
    "project": 25,
    "user": 70,
    "dossier": "documents/PDF_E530oIT.pdf",
    "date": "2022-08-10",
    "concept": "afaf",
    "amount": 22.0,
    "vatpercentage": 21.0,
    "final_amount": 26.62
  }
},
{
  "model": "expenses.expense",
  "pk": 80,
  "fields": {
    "project": 25,
    "user": 71,
    "dossier": "",
    "date": "2022-08-12",
    "concept": "fsdfda",
    "amount": 242.0,
    "vatpercentage": 26.0,
    "final_amount": 304.92
  }
},
{
  "model": "expenses.expense",
  "pk": 81,
  "fields": {
    "project": 25,
    "user": 69,
    "dossier": "documents/PDF_LrrK6Og.pdf",
    "date": "2022-08-04",
    "concept": "gkhjk",
    "amount": 22.0,
    "vatpercentage": 31.0,
    "final_amount": 28.82
  }
},
{
  "model": "incomes.income",
  "pk": 2,
  "fields": {
    "project": 8,
    "dossier": "",
    "date": "2022-04-04",
    "concept": "conceptUpdated",
    "amount": 200.25
  }
},
{
  "model": "incomes.income",
  "pk": 3,
  "fields": {
    "project": 8,
    "dossier": "",
    "date": "2022-05-20",
    "concept": "income concept",
    "amount": 100.5
  }
},
{
  "model": "incomes.income",
  "pk": 4,
  "fields": {
    "project": 8,
    "dossier": "",
    "date": "2022-05-20",
    "concept": "income concept",
    "amount": 100.5
  }
},
{
  "model": "incomes.income",
  "pk": 5,
  "fields": {
    "project": 8,
    "dossier": "",
    "date": "2022-05-20",
    "concept": "income concept",
    "amount": 100.5
  }
},
{
  "model": "incomes.income",
  "pk": 7,
  "fields": {
    "project": 8,
    "dossier": "",
    "date": "2022-07-04",
    "concept": "sadfsdfgsd",
    "amount": 500.0
  }
},
{
  "model": "incomes.income",
  "pk": 8,
  "fields": {
    "project": 8,
    "dossier": "",
    "date": "2022-07-04",
    "concept": "zddfsdfaaa",
    "amount": 423.0
  }
},
{
  "model": "incomes.income",
  "pk": 9,
  "fields": {
    "project": 16,
    "dossier": "documents/StatementOfResult.pdf",
    "date": "2022-08-01",
    "concept": "dfgdfg",
    "amount": 1500.0
  }
},
{
  "model": "incomes.income",
  "pk": 11,
  "fields": {
    "project": 16,
    "dossier": "",
    "date": "2022-08-01",
    "concept": "asdasd",
    "amount": 22.0
  }
},
{
  "model": "incomes.income",
  "pk": 12,
  "fields": {
    "project": 16,
    "dossier": "documents/StatementOfResult_2QUMkSs.pdf",
    "date": "2022-08-01",
    "concept": "kljl",
    "amount": 66.0
  }
},
{
  "model": "incomes.income",
  "pk": 15,
  "fields": {
    "project": 8,
    "dossier": "",
    "date": "2022-08-01",
    "concept": "mnm",
    "amount": 455.0
  }
},
{
  "model": "incomes.income",
  "pk": 16,
  "fields": {
    "project": 8,
    "dossier": "documents/Captura_de_pantalla_2022-08-01_190843.jpg",
    "date": "2022-08-02",
    "concept": "cvbcvb",
    "amount": 344.0
  }
},
{
  "model": "incomes.income",
  "pk": 17,
  "fields": {
    "project": 8,
    "dossier": "",
    "date": "2022-08-02",
    "concept": "asd",
    "amount": 22.0
  }
},
{
  "model": "incomes.income",
  "pk": 18,
  "fields": {
    "project": 8,
    "dossier": "documents/PDF_2xb1hxv.pdf",
    "date": "2022-08-08",
    "concept": "sdfsf",
    "amount": 333.0
  }
},
{
  "model": "incomes.income",
  "pk": 24,
  "fields": {
    "project": 8,
    "dossier": "documents/PDF.pdf",
    "date": "2022-08-03",
    "concept": "gvfhn",
    "amount": 55.0
  }
},
{
  "model": "incomes.income",
  "pk": 28,
  "fields": {
    "project": 8,
    "dossier": "",
    "date": "2022-08-09",
    "concept": "ghjghj",
    "amount": 33.0
  }
},
{
  "model": "incomes.income",
  "pk": 29,
  "fields": {
    "project": 23,
    "dossier": "documents/PDF_1qABttJ.pdf",
    "date": "2022-08-01",
    "concept": "sdfsdf",
    "amount": 1000.0
  }
},
{
  "model": "incomes.income",
  "pk": 30,
  "fields": {
    "project": 23,
    "dossier": "documents/PDF_VU3g0dz.pdf",
    "date": "2022-08-02",
    "concept": "eee",
    "amount": 2000.0
  }
},
{
  "model": "incomes.income",
  "pk": 31,
  "fields": {
    "project": 25,
    "dossier": "documents/PDF_lZGP2fN.pdf",
    "date": "2022-08-09",
    "concept": "dfvbdfbgvb",
    "amount": 2000.0
  }
}
]
